,predict
0,1
1,1
2,0
3,1
4,0
5,1
6,0
7,1
8,0
9,1
10,0
11,0
12,1
13,1
14,0
15,1
16,0
17,0
18,0
19,0
20,0
21,0
22,0
23,1
24,0
25,0
26,1
27,0
28,0
29,0
30,1
31,0
32,0
33,0
34,1
35,0
36,1
37,0
38,0
39,1
40,0
41,1
42,0
43,1
44,0
45,0
46,0
47,1
48,0
49,1
50,0
51,0
52,0
53,1
54,1
55,1
56,0
57,1
58,0
59,0
60,0
61,1
62,0
63,0
64,0
65,0
66,0
67,0
68,1
69,0
70,0
71,1
72,0
73,0
74,1
75,1
76,0
77,1
78,0
79,0
80,0
81,1
82,0
83,0
84,1
85,1
86,0
87,0
88,0
89,0
90,1
91,0
92,1
93,1
94,0
95,1
96,0
97,1
98,1
99,0
100,0
101,0
102,1
103,0
104,1
105,0
106,0
107,1
108,0
109,1
110,0
111,1
112,1
113,0
114,0
115,1
116,0
117,1
118,1
119,0
120,0
121,1
122,0
123,0
124,1
125,1
126,1
127,1
128,1
129,1
130,1
131,1
132,1
133,1
134,0
135,0
136,1
137,1
138,1
139,1
140,0
141,1
142,1
143,0
144,0
145,0
146,0
147,0
148,1
149,1
150,0
151,0
152,1
153,0
154,0
155,1
156,1
157,0
158,0
159,0
160,1
161,1
162,0
163,1
164,1
165,1
166,1
167,1
168,1
169,0
170,1
171,1
172,1
173,0
174,0
175,1
176,0
177,0
178,0
179,0
180,1
181,1
182,1
183,1
184,1
185,1
186,1
187,0
188,0
189,1
190,1
191,0
192,1
193,0
194,1
195,0
196,1
197,1
198,1
199,1
200,0
201,0
202,1
203,1
204,1
205,1
206,0
207,1
208,1
209,0
210,0
211,1
212,1
213,0
214,1
215,1
216,0
217,0
218,1
219,0
220,1
221,0
222,1
223,0
224,0
225,0
226,1
227,1
228,1
229,0
230,0
231,1
232,0
233,1
234,1
235,1
236,1
237,1
238,0
239,1
240,0
241,1
242,1
243,1
244,1
245,0
246,1
247,0
248,1
249,1
250,0
251,0
252,0
253,1
254,0
255,1
256,1
257,1
258,1
259,1
260,0
261,0
262,0
263,1
264,0
265,1
266,0
267,0
268,1
269,1
270,1
271,0
272,0
273,0
274,0
275,1
276,1
277,1
278,0
279,1
280,1
281,0
282,1
283,1
284,0
285,0
286,1
287,0
288,1
289,1
290,1
291,1
292,0
293,0
294,0
295,1
296,1
297,1
298,1
299,0
300,0
301,1
302,0
303,0
304,0
305,0
306,0
307,0
308,0
309,1
310,1
311,0
312,0
313,0
314,0
315,0
316,1
317,1
318,1
319,0
320,0
321,0
322,1
323,0
324,0
325,1
326,0
327,1
328,0
329,0
330,0
331,0
332,0
333,0
334,0
335,1
336,0
337,0
338,0
339,0
340,1
341,0
342,1
343,0
344,0
345,1
346,0
347,1
348,0
349,1
350,0
351,0
352,0
353,0
354,0
355,1
356,0
357,0
358,1
359,1
360,0
361,1
362,0
363,0
364,0
365,0
366,0
367,0
368,1
369,0
370,1
371,1
372,0
373,1
374,1
375,0
376,0
377,0
378,0
379,0
380,0
381,1
382,0
383,1
384,1
385,0
386,1
387,0
388,1
389,1
390,0
391,0
392,0
393,0
394,0
395,1
396,0
397,1
398,0
399,1
400,1
401,0
402,1
403,0
404,0
405,1
406,1
407,1
408,1
409,1
410,0
411,0
412,1
413,1
414,0
415,1
416,0
417,1
418,0
419,1
420,1
421,0
422,0
423,1
424,1
425,1
426,1
427,1
428,0
429,0
430,0
431,0
432,1
433,1
434,0
435,1
436,1
437,0
438,0
439,1
440,0
441,0
442,0
443,1
444,0
445,0
446,0
447,1
448,0
449,0
450,0
451,1
452,0
453,0
454,1
455,1
456,1
457,1
458,0
459,1
460,1
461,1
462,1
463,0
464,0
465,1
466,1
467,0
468,1
469,1
470,0
471,0
472,0
473,1
474,0
475,1
476,1
477,0
478,0
479,0
480,1
481,1
482,0
483,1
484,1
485,1
486,0
487,0
488,0
489,1
490,0
491,0
492,1
493,0
494,0
495,0
496,0
497,0
498,1
499,1
500,0
501,0
502,1
503,0
504,0
505,1
506,1
507,0
508,1
509,1
510,1
511,0
512,1
513,0
514,1
515,0
516,1
517,0
518,0
519,0
520,0
521,1
522,1
523,1
524,1
525,1
526,1
527,1
528,1
529,0
530,0
531,1
532,0
533,1
534,1
535,1
536,0
537,0
538,0
539,1
540,1
541,0
542,1
543,1
544,0
545,1
546,0
547,0
548,1
549,1
550,0
551,0
552,0
553,1
554,0
555,0
556,1
557,1
558,0
559,1
560,1
561,0
562,0
563,0
564,1
565,1
566,0
567,1
568,1
569,0
570,1
571,1
572,1
573,0
574,0
575,0
576,0
577,0
578,1
579,0
580,1
581,0
582,1
583,1
584,0
585,1
586,0
587,0
588,1
589,0
590,1
591,1
592,0
593,0
594,0
595,1
596,0
597,1
598,1
599,1
600,1
601,0
602,1
603,1
604,1
605,1
606,1
607,1
608,0
609,0
610,1
611,0
612,0
613,0
614,0
615,1
616,0
617,0
618,0
619,1
620,1
621,0
622,1
623,0
624,1
625,1
626,0
627,0
628,0
629,0
630,0
631,1
632,1
633,1
634,1
635,0
636,1
637,1
638,0
639,0
640,1
641,1
642,1
643,0
644,1
645,0
646,0
647,0
648,0
649,1
650,0
651,1
652,1
653,1
654,0
655,1
656,1
657,1
658,1
659,0
660,1
661,1
662,1
663,1
664,1
665,0
666,1
667,1
668,1
669,1
670,1
671,1
672,0
673,1
674,1
675,0
676,1
677,1
678,0
679,1
680,0
681,0
682,0
683,0
684,0
685,0
686,0
687,1
688,0
689,0
690,0
691,1
692,0
693,0
694,0
695,1
696,0
697,0
698,1
699,1
700,0
701,0
702,1
703,0
704,1
705,1
706,1
707,0
708,1
709,0
710,0
711,1
712,0
713,0
714,1
715,0
716,1
717,0
718,0
719,1
720,1
721,0
722,1
723,1
724,1
725,0
726,1
727,0
728,0
729,1
730,0
731,0
732,1
733,1
734,1
735,1
736,0
737,0
738,0
739,0
740,0
741,1
742,1
743,1
744,1
745,0
746,0
747,0
748,1
749,0
750,0
751,0
752,0
753,1
754,0
755,0
756,1
757,1
758,0
759,1
760,0
761,1
762,0
763,0
764,0
765,0
766,1
767,0
768,0
769,1
770,0
771,1
772,1
773,0
774,0
775,0
776,1
777,0
778,0
779,1
780,1
781,1
782,0
783,0
784,0
785,1
786,0
787,0
788,0
789,0
790,0
791,1
792,1
793,1
794,1
795,1
796,1
797,0
798,1
799,1
800,0
801,1
802,1
803,1
804,0
805,0
806,1
807,0
808,0
809,0
810,1
811,1
812,1
813,0
814,1
815,0
816,1
817,0
818,0
819,1
820,0
821,0
822,1
823,0
824,0
825,1
826,1
827,0
828,0
829,0
830,1
831,1
832,0
833,1
834,0
835,0
836,0
837,1
838,0
839,0
840,0
841,0
842,1
843,0
844,1
845,1
846,1
847,1
848,0
849,0
850,0
851,0
852,1
853,1
854,1
855,0
856,0
857,1
858,0
859,0
860,1
861,0
862,1
863,1
864,1
865,1
866,1
867,1
868,0
869,0
870,1
871,1
872,1
873,0
874,0
875,0
876,1
877,0
878,0
879,1
880,1
881,0
882,0
883,0
884,1
885,0
886,0
887,1
888,0
889,0
890,1
891,1
892,0
893,1
894,0
895,0
896,0
897,0
898,0
899,0
900,1
901,1
902,0
903,0
904,1
905,1
906,1
907,1
908,0
909,0
910,0
911,0
912,0
913,1
914,0
915,0
916,1
917,0
918,0
919,1
920,1
921,1
922,0
923,0
924,1
925,0
926,0
927,0
928,0
929,0
930,0
931,1
932,0
933,0
934,0
935,0
936,0
937,0
938,0
939,1
940,0
941,0
942,0
943,1
944,0
945,1
946,1
947,0
948,0
949,1
950,1
951,1
952,1
953,0
954,0
955,0
956,0
957,0
958,1
959,0
960,1
961,1
962,1
963,0
964,1
965,1
966,0
967,1
968,0
969,0
970,1
971,0
972,1
973,1
974,0
975,1
976,0
977,0
978,0
979,1
980,1
981,0
982,0
983,1
984,0
985,0
986,1
987,1
988,0
989,0
990,1
991,0
992,1
993,0
994,0
995,0
996,0
997,1
998,0
999,1
1000,0
1001,0
1002,1
1003,1
1004,0
1005,1
1006,1
1007,0
1008,0
1009,0
1010,1
1011,1
1012,1
1013,1
1014,1
1015,0
1016,1
1017,1
1018,1
1019,1
1020,0
1021,1
1022,1
1023,0
1024,0
1025,0
1026,0
1027,1
1028,1
1029,1
1030,1
1031,1
1032,1
1033,0
1034,0
1035,1
1036,0
1037,0
1038,1
1039,1
1040,0
1041,0
1042,1
1043,0
1044,0
1045,0
1046,1
1047,0
1048,0
1049,0
1050,0
1051,1
1052,0
1053,1
1054,0
1055,0
1056,1
1057,1
1058,0
1059,0
1060,1
1061,1
1062,1
1063,1
1064,1
1065,1
1066,0
1067,1
1068,1
1069,0
1070,1
1071,1
1072,0
1073,1
1074,0
1075,0
1076,1
1077,1
1078,0
1079,1
1080,0
1081,0
1082,0
1083,0
1084,0
1085,0
1086,0
1087,0
1088,1
1089,1
1090,1
1091,1
1092,1
1093,0
1094,1
1095,0
1096,0
1097,0
1098,1
1099,1
1100,0
1101,1
1102,0
1103,0
1104,1
1105,1
1106,1
1107,1
1108,1
1109,1
1110,0
1111,1
1112,1
1113,1
1114,0
1115,1
1116,1
1117,0
1118,0
1119,0
1120,1
1121,1
1122,0
1123,0
1124,0
1125,1
1126,1
1127,0
1128,1
1129,0
1130,0
1131,1
1132,1
1133,0
1134,0
1135,0
1136,0
1137,0
1138,0
1139,0
1140,0
1141,1
1142,0
1143,0
1144,1
1145,0
1146,1
1147,1
1148,1
1149,1
1150,1
1151,0
1152,0
1153,1
1154,0
1155,1
1156,1
1157,1
1158,0
1159,0
1160,1
1161,1
1162,1
1163,1
1164,1
1165,1
1166,0
1167,1
1168,1
1169,1
1170,1
1171,1
1172,0
1173,0
1174,1
1175,1
1176,0
1177,1
1178,0
1179,1
1180,1
1181,1
1182,1
1183,0
1184,1
1185,0
1186,0
1187,0
1188,0
1189,1
1190,0
1191,1
1192,1
1193,0
1194,0
1195,0
1196,1
1197,0
1198,0
1199,0
1200,0
1201,1
1202,0
1203,1
1204,0
1205,1
1206,1
1207,1
1208,0
1209,1
1210,1
1211,0
1212,1
1213,0
1214,1
1215,0
1216,0
1217,1
1218,1
1219,1
1220,1
1221,0
1222,1
1223,1
1224,1
1225,0
1226,0
1227,1
1228,0
1229,1
1230,1
1231,0
1232,0
1233,0
1234,1
1235,0
1236,1
1237,1
1238,0
1239,0
1240,1
1241,0
1242,0
1243,1
1244,1
1245,0
1246,0
1247,0
1248,1
1249,0
1250,0
1251,0
1252,0
1253,1
1254,1
1255,0
1256,1
1257,0
1258,1
1259,0
1260,1
1261,0
1262,0
1263,1
1264,1
1265,1
1266,1
1267,0
1268,0
1269,0
1270,0
1271,0
1272,1
1273,1
1274,1
1275,1
1276,1
1277,0
1278,0
1279,0
1280,1
1281,1
1282,1
1283,1
1284,0
1285,0
1286,1
1287,0
1288,1
1289,0
1290,1
1291,1
1292,1
1293,1
1294,1
1295,1
1296,0
1297,1
1298,0
1299,0
1300,1
1301,0
1302,1
1303,0
1304,0
1305,0
1306,0
1307,1
1308,0
1309,0
1310,1
1311,0
1312,0
1313,0
1314,0
1315,1
1316,1
1317,1
1318,0
1319,0
1320,0
1321,1
1322,0
1323,0
1324,0
1325,1
1326,1
1327,1
1328,0
1329,1
1330,1
1331,1
1332,1
1333,0
1334,1
1335,0
1336,1
1337,1
1338,1
1339,1
1340,1
1341,1
1342,0
1343,1
1344,0
1345,0
1346,1
1347,0
1348,1
1349,0
1350,0
1351,1
1352,1
1353,1
1354,0
1355,1
1356,0
1357,0
1358,1
1359,0
1360,0
1361,1
1362,1
1363,0
1364,0
1365,1
1366,0
1367,0
1368,1
1369,1
1370,1
1371,0
1372,1
1373,1
1374,0
1375,1
1376,0
1377,1
1378,1
1379,1
1380,1
1381,1
1382,0
1383,0
1384,0
1385,1
1386,0
1387,1
1388,1
1389,1
1390,0
1391,1
1392,0
1393,0
1394,0
1395,1
1396,0
1397,1
1398,0
1399,0
1400,0
1401,1
1402,1
1403,1
1404,0
1405,1
1406,1
1407,1
1408,1
1409,1
1410,1
1411,1
1412,0
1413,1
1414,0
1415,1
1416,1
1417,0
1418,0
1419,1
1420,1
1421,1
1422,0
1423,1
1424,1
1425,0
1426,0
1427,0
1428,1
1429,1
1430,0
1431,1
1432,0
1433,0
1434,0
1435,1
1436,1
1437,0
1438,1
1439,0
1440,1
1441,1
1442,1
1443,1
1444,1
1445,1
1446,0
1447,0
1448,1
1449,1
1450,0
1451,0
1452,0
1453,0
1454,1
1455,0
1456,0
1457,1
1458,0
1459,0
1460,0
1461,0
1462,0
1463,0
1464,1
1465,1
1466,1
1467,1
1468,1
1469,0
1470,0
1471,1
1472,0
1473,1
1474,1
1475,1
1476,0
1477,1
1478,1
1479,1
1480,0
1481,1
1482,0
1483,0
1484,0
1485,1
1486,0
1487,0
1488,1
1489,0
1490,1
1491,0
1492,0
1493,0
1494,0
1495,1
1496,0
1497,0
1498,1
1499,1
1500,1
1501,0
1502,0
1503,1
1504,1
1505,0
1506,0
1507,0
1508,0
1509,1
1510,1
1511,0
1512,0
1513,1
1514,1
1515,0
1516,0
1517,0
1518,1
1519,0
1520,1
1521,1
1522,1
1523,1
1524,1
1525,0
1526,1
1527,1
1528,1
1529,1
1530,1
1531,0
1532,1
1533,1
1534,0
1535,0
1536,1
1537,1
1538,1
1539,0
1540,0
1541,1
1542,1
1543,0
1544,1
1545,0
1546,1
1547,1
1548,1
1549,1
1550,1
1551,0
1552,0
1553,1
1554,1
1555,1
1556,0
1557,1
1558,1
1559,0
1560,1
1561,1
1562,0
1563,1
1564,0
1565,1
1566,0
1567,0
1568,0
1569,1
1570,1
1571,0
1572,0
1573,0
1574,1
1575,1
1576,0
1577,0
1578,1
1579,0
1580,1
1581,0
1582,0
1583,0
1584,0
1585,0
1586,1
1587,0
1588,1
1589,0
1590,0
1591,1
1592,1
1593,1
1594,0
1595,0
1596,0
1597,0
1598,1
1599,0
1600,0
1601,0
1602,1
1603,1
1604,0
1605,1
1606,0
1607,0
1608,0
1609,1
1610,0
1611,0
1612,1
1613,1
1614,0
1615,1
1616,1
1617,0
1618,1
1619,0
1620,0
1621,0
1622,1
1623,0
1624,1
1625,0
1626,1
1627,0
1628,1
1629,1
1630,1
1631,0
1632,0
1633,0
1634,0
1635,1
1636,1
1637,0
1638,0
1639,1
1640,1
1641,1
1642,0
1643,1
1644,0
1645,1
1646,1
1647,0
1648,1
1649,0
1650,1
1651,0
1652,0
1653,0
1654,1
1655,1
1656,0
1657,1
1658,1
1659,0
1660,1
1661,0
1662,0
1663,0
1664,0
1665,0
1666,0
1667,0
1668,1
1669,1
1670,0
1671,0
1672,0
1673,1
1674,0
1675,1
1676,0
1677,0
1678,1
1679,1
1680,1
1681,0
1682,0
1683,1
1684,1
1685,1
1686,1
1687,1
1688,0
1689,1
1690,0
1691,1
1692,1
1693,1
1694,1
1695,1
1696,1
1697,0
1698,1
1699,0
1700,1
1701,0
1702,0
1703,1
1704,1
1705,0
1706,0
1707,1
1708,0
1709,0
1710,0
1711,0
1712,0
1713,0
1714,0
1715,1
1716,1
1717,0
1718,1
1719,0
1720,0
1721,0
1722,1
1723,0
1724,0
1725,0
1726,1
1727,0
1728,0
1729,1
1730,1
1731,0
1732,0
1733,1
1734,0
1735,0
1736,0
1737,0
1738,1
1739,1
1740,1
1741,1
1742,0
1743,1
1744,0
1745,1
1746,1
1747,1
1748,0
1749,0
1750,0
1751,0
1752,1
1753,1
1754,1
1755,1
1756,0
1757,1
1758,0
1759,0
1760,0
1761,0
1762,0
1763,0
1764,1
1765,0
1766,0
1767,1
1768,1
1769,1
1770,0
1771,0
1772,1
1773,1
1774,1
1775,0
1776,0
1777,1
1778,1
1779,0
1780,1
1781,1
1782,1
1783,0
1784,0
1785,1
1786,0
1787,1
1788,0
1789,1
1790,1
1791,1
1792,0
1793,0
1794,1
1795,1
1796,0
1797,1
1798,0
1799,0
1800,1
1801,1
1802,1
1803,1
1804,1
1805,1
1806,0
1807,0
1808,1
1809,1
1810,0
1811,0
1812,0
1813,1
1814,1
1815,0
1816,0
1817,1
1818,0
1819,0
1820,0
1821,0
1822,0
1823,1
1824,0
1825,0
1826,0
1827,1
1828,0
1829,0
1830,1
1831,1
1832,0
1833,0
1834,1
1835,1
1836,0
1837,1
1838,0
1839,1
1840,0
1841,1
1842,1
1843,1
1844,0
1845,1
1846,0
1847,0
1848,0
1849,0
1850,0
1851,1
1852,0
1853,0
1854,1
1855,0
1856,0
1857,0
1858,1
1859,1
1860,0
1861,0
1862,1
1863,0
1864,0
1865,0
1866,1
1867,1
1868,0
1869,1
1870,1
1871,0
1872,0
1873,1
1874,0
1875,1
1876,0
1877,0
1878,0
1879,1
1880,0
1881,1
1882,0
1883,0
1884,1
1885,0
1886,1
1887,0
1888,1
1889,1
1890,1
1891,1
1892,0
1893,0
1894,1
1895,1
1896,1
1897,0
1898,0
1899,1
1900,0
1901,0
1902,0
1903,1
1904,1
1905,0
1906,0
1907,0
1908,1
1909,0
1910,1
1911,1
1912,0
1913,0
1914,0
1915,1
1916,1
1917,1
1918,1
1919,0
1920,0
1921,0
1922,0
1923,0
1924,1
1925,0
1926,1
1927,0
1928,1
1929,1
1930,1
1931,0
1932,1
1933,1
1934,0
1935,0
1936,1
1937,1
1938,0
1939,0
1940,1
1941,0
1942,0
1943,0
1944,0
1945,1
1946,0
1947,0
1948,0
1949,1
1950,0
1951,0
1952,0
1953,1
1954,0
1955,0
1956,0
1957,0
1958,1
1959,1
1960,1
1961,1
1962,1
1963,0
1964,1
1965,0
1966,1
1967,0
1968,0
1969,0
1970,1
1971,1
1972,0
1973,1
1974,1
1975,1
1976,0
1977,1
1978,0
1979,1
1980,1
1981,1
1982,0
1983,0
1984,0
1985,1
1986,0
1987,0
1988,0
1989,1
1990,0
1991,0
1992,0
1993,0
1994,1
1995,0
1996,0
1997,0
1998,1
1999,0
2000,1
2001,1
2002,0
2003,1
2004,1
2005,0
2006,0
2007,1
2008,1
2009,1
2010,1
2011,0
2012,0
2013,1
2014,0
2015,0
2016,1
2017,0
2018,0
2019,1
2020,0
2021,0
2022,1
2023,0
2024,0
2025,0
2026,0
2027,1
2028,0
2029,1
2030,1
2031,1
2032,0
2033,1
2034,1
2035,0
2036,0
2037,1
2038,0
2039,0
2040,0
2041,0
2042,0
2043,0
2044,0
2045,1
2046,1
2047,1
2048,0
2049,1
2050,0
2051,0
2052,0
2053,1
2054,0
2055,0
2056,1
2057,1
2058,0
2059,1
2060,0
2061,1
2062,0
2063,1
2064,1
2065,1
2066,0
2067,0
2068,0
2069,1
2070,0
2071,1
2072,0
2073,0
2074,1
2075,0
2076,1
2077,1
2078,1
2079,0
2080,0
2081,0
2082,0
2083,1
2084,0
2085,0
2086,1
2087,0
2088,1
2089,1
2090,1
2091,1
2092,1
2093,0
2094,1
2095,1
2096,1
2097,1
2098,0
2099,0
2100,1
2101,0
2102,0
2103,0
2104,1
2105,0
2106,1
2107,1
2108,1
2109,1
2110,1
2111,1
2112,1
2113,1
2114,1
2115,1
2116,1
2117,1
2118,1
2119,0
2120,0
2121,1
2122,1
2123,0
2124,0
2125,1
2126,1
2127,1
2128,1
2129,0
2130,1
2131,0
2132,0
2133,0
2134,1
2135,0
2136,1
2137,0
2138,1
2139,1
2140,1
2141,0
2142,0
2143,1
2144,1
2145,1
2146,1
2147,1
2148,0
2149,0
2150,0
2151,1
2152,1
2153,1
2154,1
2155,1
2156,0
2157,0
2158,1
2159,0
2160,0
2161,1
2162,0
2163,0
2164,0
2165,1
2166,1
2167,1
2168,1
2169,0
2170,1
2171,0
2172,1
2173,0
2174,1
2175,0
2176,0
2177,1
2178,1
2179,1
2180,0
2181,1
2182,1
2183,1
2184,0
2185,1
2186,0
2187,0
2188,1
2189,0
2190,0
2191,0
2192,1
2193,0
2194,0
2195,0
2196,0
2197,1
2198,1
2199,0
2200,0
2201,0
2202,0
2203,0
2204,1
2205,1
2206,1
2207,1
2208,0
2209,0
2210,0
2211,0
2212,1
2213,0
2214,1
2215,0
2216,1
2217,1
2218,0
2219,0
2220,0
2221,0
2222,1
2223,0
2224,0
2225,1
2226,1
2227,0
2228,0
2229,1
2230,0
2231,1
2232,1
2233,1
2234,1
2235,1
2236,1
2237,0
2238,1
2239,0
2240,1
2241,1
2242,1
2243,0
2244,1
2245,0
2246,0
2247,1
2248,1
2249,0
2250,0
2251,0
2252,1
2253,0
2254,0
2255,1
2256,0
2257,1
2258,1
2259,0
2260,1
2261,0
2262,1
2263,0
2264,1
2265,1
2266,0
2267,0
2268,0
2269,0
2270,1
2271,0
2272,1
2273,0
2274,0
2275,1
2276,0
2277,0
2278,0
2279,1
2280,1
2281,1
2282,1
2283,0
2284,0
2285,0
2286,1
2287,0
2288,1
2289,0
2290,0
2291,0
2292,0
2293,0
2294,0
2295,0
2296,0
2297,0
2298,0
2299,1
2300,0
2301,1
2302,0
2303,1
2304,1
2305,0
2306,1
2307,1
2308,0
2309,1
2310,1
2311,1
2312,1
2313,0
2314,1
2315,0
2316,1
2317,1
2318,1
2319,0
2320,1
2321,1
2322,0
2323,0
2324,0
2325,1
2326,1
2327,1
2328,1
2329,1
2330,1
2331,1
2332,0
2333,1
2334,1
2335,1
2336,1
2337,1
2338,1
2339,0
2340,1
2341,0
2342,0
2343,1
2344,0
2345,0
2346,1
2347,1
2348,1
2349,1
2350,0
2351,0
2352,0
2353,1
2354,1
2355,1
2356,1
2357,1
2358,0
2359,0
2360,0
2361,0
2362,0
2363,1
2364,1
2365,0
2366,0
2367,1
2368,1
2369,1
2370,0
2371,1
2372,0
2373,0
2374,0
2375,0
2376,1
2377,1
2378,0
2379,1
2380,0
2381,0
2382,1
2383,0
2384,1
2385,0
2386,0
2387,0
2388,0
2389,1
2390,0
2391,0
2392,0
2393,1
2394,0
2395,1
2396,0
2397,1
2398,0
2399,0
2400,1
2401,0
2402,0
2403,1
2404,0
2405,0
2406,0
2407,0
2408,1
2409,1
2410,0
2411,0
2412,1
2413,0
2414,1
2415,1
2416,0
2417,1
2418,1
2419,1
2420,0
2421,1
2422,0
2423,1
2424,1
2425,0
2426,1
2427,1
2428,0
2429,1
2430,1
2431,0
2432,1
2433,1
2434,0
2435,1
2436,0
2437,1
2438,1
2439,1
2440,0
2441,0
2442,1
2443,1
2444,0
2445,0
2446,0
2447,1
2448,0
2449,0
2450,0
2451,1
2452,0
2453,1
2454,1
2455,1
2456,0
2457,1
2458,0
2459,0
2460,1
2461,1
2462,0
2463,1
2464,1
2465,0
2466,0
2467,1
2468,0
2469,0
2470,1
2471,0
2472,0
2473,0
2474,1
2475,1
2476,1
2477,1
2478,1
2479,0
2480,1
2481,1
2482,1
2483,1
2484,1
2485,1
2486,1
2487,0
2488,1
2489,1
2490,0
2491,0
2492,1
2493,0
2494,0
2495,0
2496,1
2497,1
2498,1
2499,0
2500,0
2501,1
2502,1
2503,1
2504,1
2505,0
2506,1
2507,0
2508,0
2509,1
2510,1
2511,1
2512,0
2513,0
2514,1
2515,1
2516,0
2517,0
2518,0
2519,1
2520,1
2521,1
2522,1
2523,1
2524,0
2525,0
2526,1
2527,0
2528,0
2529,0
2530,1
2531,0
2532,1
2533,0
2534,0
2535,1
2536,0
2537,1
2538,1
2539,1
2540,1
2541,0
2542,1
2543,1
2544,1
2545,0
2546,1
2547,0
2548,1
2549,0
2550,0
2551,1
2552,1
2553,0
2554,0
2555,1
2556,0
2557,0
2558,1
2559,0
2560,0
2561,1
2562,1
2563,1
2564,1
2565,0
2566,1
2567,1
2568,1
2569,0
2570,1
2571,0
2572,1
2573,1
2574,0
2575,0
2576,1
2577,0
2578,0
2579,1
2580,1
2581,0
2582,1
2583,0
2584,1
2585,0
2586,1
2587,1
2588,0
2589,1
2590,0
2591,0
2592,0
2593,1
2594,0
2595,1
2596,1
2597,1
2598,0
2599,0
2600,0
2601,0
2602,1
2603,0
2604,0
2605,0
2606,0
2607,0
2608,1
2609,1
2610,1
2611,1
2612,0
2613,0
2614,1
2615,0
2616,1
2617,0
2618,1
2619,1
2620,1
2621,1
2622,0
2623,1
2624,1
2625,0
2626,1
2627,1
2628,1
2629,1
2630,0
2631,1
2632,1
2633,0
2634,1
2635,0
2636,1
2637,0
2638,1
2639,1
2640,1
2641,0
2642,1
2643,1
2644,0
2645,1
2646,0
2647,0
2648,1
2649,0
2650,1
2651,0
2652,0
2653,1
2654,1
2655,0
2656,0
2657,1
2658,1
2659,1
2660,1
2661,1
2662,1
2663,1
2664,0
2665,1
2666,1
2667,1
2668,1
2669,0
2670,1
2671,1
2672,1
2673,0
2674,0
2675,1
2676,1
2677,1
2678,0
2679,0
2680,0
2681,1
2682,1
2683,1
2684,0
2685,0
2686,0
2687,1
2688,0
2689,0
2690,1
2691,0
2692,0
2693,0
2694,1
2695,1
2696,0
2697,0
2698,0
2699,0
2700,0
2701,1
2702,1
2703,1
2704,1
2705,1
2706,0
2707,1
2708,1
2709,0
2710,0
2711,1
2712,1
2713,0
2714,1
2715,1
2716,0
2717,0
2718,1
2719,1
2720,0
2721,0
2722,1
2723,1
2724,1
2725,1
2726,0
2727,0
2728,0
2729,0
2730,1
2731,0
2732,0
2733,0
2734,1
2735,1
2736,1
2737,1
2738,1
2739,1
2740,1
2741,1
2742,0
2743,1
2744,0
2745,0
2746,1
2747,1
2748,0
2749,0
2750,0
2751,0
2752,0
2753,1
2754,0
2755,1
2756,1
2757,0
2758,1
2759,1
2760,0
2761,0
2762,1
2763,0
2764,0
2765,1
2766,0
2767,0
2768,1
2769,1
2770,1
2771,1
2772,0
2773,1
2774,1
2775,1
2776,0
2777,1
2778,0
2779,1
2780,0
2781,1
2782,0
2783,1
2784,0
2785,1
2786,0
2787,0
2788,1
2789,0
2790,0
2791,1
2792,1
2793,1
2794,0
2795,0
2796,1
2797,1
2798,1
2799,1
2800,0
2801,1
2802,0
2803,0
2804,1
2805,0
2806,0
2807,1
2808,1
2809,1
2810,0
2811,1
2812,1
2813,0
2814,0
2815,0
2816,1
2817,0
2818,0
2819,1
2820,0
2821,1
2822,0
2823,1
2824,0
2825,1
2826,1
2827,0
2828,1
2829,1
2830,0
2831,1
2832,1
2833,0
2834,1
2835,0
2836,1
2837,1
2838,0
2839,0
2840,1
2841,1
2842,1
2843,0
2844,1
2845,1
2846,1
2847,0
2848,1
2849,1
2850,1
2851,1
2852,0
2853,0
2854,0
2855,1
2856,0
2857,0
2858,1
2859,0
2860,0
2861,0
2862,1
2863,0
2864,0
2865,1
2866,0
2867,1
2868,1
2869,1
2870,1
2871,1
2872,0
2873,1
2874,1
2875,0
2876,1
2877,1
2878,0
2879,0
2880,1
2881,0
2882,0
2883,0
2884,1
2885,1
2886,0
2887,0
2888,0
2889,1
2890,0
2891,1
2892,0
2893,1
2894,1
2895,0
2896,1
2897,1
2898,1
2899,1
2900,1
2901,0
2902,1
2903,1
2904,0
2905,1
2906,0
2907,0
2908,0
2909,0
2910,1
2911,0
2912,1
2913,0
2914,1
2915,1
2916,0
2917,0
2918,0
2919,0
2920,1
2921,1
2922,1
2923,0
2924,0
2925,0
2926,1
2927,0
2928,1
2929,1
2930,1
2931,1
2932,0
2933,1
2934,1
2935,1
2936,0
2937,1
2938,1
2939,1
2940,1
2941,1
2942,0
2943,1
2944,0
2945,1
2946,0
2947,0
2948,0
2949,1
2950,0
2951,1
2952,1
2953,0
2954,0
2955,1
2956,0
2957,1
2958,0
2959,1
2960,1
2961,1
2962,1
2963,0
2964,1
2965,1
2966,0
2967,1
2968,1
2969,1
2970,0
2971,0
2972,0
2973,0
2974,1
2975,1
2976,0
2977,0
2978,0
2979,0
2980,0
2981,1
2982,0
2983,0
2984,0
2985,1
2986,1
2987,1
2988,0
2989,1
2990,1
2991,1
2992,0
2993,1
2994,1
2995,1
2996,1
2997,0
2998,0
2999,1
3000,1
3001,1
3002,1
3003,0
3004,1
3005,1
3006,0
3007,1
3008,1
3009,1
3010,1
3011,1
3012,1
3013,0
3014,1
3015,0
3016,1
3017,1
3018,0
3019,1
3020,0
3021,1
3022,1
3023,0
3024,0
3025,1
3026,0
3027,0
3028,0
3029,0
3030,0
3031,0
3032,1
3033,1
3034,1
3035,1
3036,1
3037,0
3038,0
3039,0
3040,1
3041,0
3042,0
3043,0
3044,0
3045,0
3046,0
3047,0
3048,0
3049,0
3050,0
3051,1
3052,0
3053,1
3054,1
3055,0
3056,1
3057,1
3058,1
3059,1
3060,1
3061,0
3062,1
3063,0
3064,0
3065,1
3066,1
3067,1
3068,1
3069,1
3070,0
3071,0
3072,1
3073,0
3074,0
3075,0
3076,0
3077,1
3078,1
3079,1
3080,1
3081,0
3082,0
3083,1
3084,1
3085,1
3086,0
3087,1
3088,0
3089,1
3090,1
3091,1
3092,0
3093,1
3094,1
3095,0
3096,0
3097,0
3098,1
3099,0
3100,0
3101,1
3102,0
3103,1
3104,1
3105,1
3106,1
3107,1
3108,0
3109,1
3110,0
3111,0
3112,1
3113,1
3114,0
3115,1
3116,0
3117,0
3118,1
3119,0
3120,1
3121,0
3122,1
3123,0
3124,1
3125,1
3126,1
3127,1
3128,0
3129,0
3130,0
3131,0
3132,1
3133,1
3134,1
3135,0
3136,1
3137,1
3138,0
3139,0
3140,0
3141,1
3142,1
3143,0
3144,1
3145,1
3146,1
3147,0
3148,0
3149,0
3150,0
3151,0
3152,0
3153,1
3154,1
3155,1
3156,0
3157,0
3158,1
3159,0
3160,1
3161,0
3162,0
3163,0
3164,0
3165,0
3166,1
3167,1
3168,0
3169,1
3170,1
3171,0
3172,1
3173,1
3174,0
3175,0
3176,1
3177,0
3178,1
3179,0
3180,0
3181,1
3182,1
3183,0
3184,0
3185,1
3186,0
3187,0
3188,0
3189,1
3190,1
3191,1
3192,0
3193,0
3194,0
3195,1
3196,0
3197,0
3198,0
3199,0
3200,0
3201,0
3202,0
3203,1
3204,1
3205,1
3206,1
3207,0
3208,0
3209,0
3210,1
3211,0
3212,1
3213,1
3214,1
3215,1
3216,0
3217,0
3218,1
3219,0
3220,1
3221,0
3222,1
3223,1
3224,1
3225,1
3226,1
3227,0
3228,0
3229,0
3230,0
3231,0
3232,1
3233,1
3234,1
3235,1
3236,0
3237,1
3238,0
3239,1
3240,0
3241,1
3242,1
3243,1
3244,1
3245,0
3246,0
3247,1
3248,0
3249,0
3250,1
3251,1
3252,0
3253,0
3254,1
3255,1
3256,1
3257,1
3258,0
3259,1
3260,1
3261,1
3262,1
3263,1
3264,0
3265,0
3266,0
3267,0
3268,0
3269,0
3270,0
3271,1
3272,1
3273,1
3274,1
3275,1
3276,1
3277,0
3278,0
3279,1
3280,1
3281,1
3282,0
3283,0
3284,1
3285,1
3286,0
3287,1
3288,0
3289,0
3290,0
3291,1
3292,1
3293,0
3294,1
3295,0
3296,1
3297,1
3298,1
3299,0
3300,0
3301,1
3302,1
3303,1
3304,0
3305,0
3306,0
3307,0
3308,0
3309,1
3310,0
3311,0
3312,1
3313,1
3314,1
3315,0
3316,1
3317,0
3318,0
3319,0
3320,0
3321,1
3322,1
3323,1
3324,0
3325,0
3326,0
3327,1
3328,1
3329,0
3330,0
3331,1
3332,1
3333,1
3334,1
3335,0
3336,0
3337,1
3338,1
3339,0
3340,0
3341,1
3342,1
3343,1
3344,1
3345,0
3346,1
3347,0
3348,1
3349,1
3350,0
3351,1
3352,0
3353,0
3354,1
3355,0
3356,1
3357,1
3358,1
3359,1
3360,0
3361,1
3362,0
3363,1
3364,1
3365,1
3366,1
3367,1
3368,0
3369,0
3370,0
3371,0
3372,1
3373,1
3374,0
3375,0
3376,1
3377,1
3378,1
3379,0
3380,1
3381,1
3382,0
3383,0
3384,1
3385,1
3386,0
3387,1
3388,1
3389,1
3390,1
3391,0
3392,0
3393,0
3394,0
3395,1
3396,1
3397,0
3398,1
3399,0
3400,0
3401,0
3402,1
3403,1
3404,0
3405,0
3406,1
3407,1
3408,0
3409,0
3410,0
3411,1
3412,1
3413,1
3414,0
3415,1
3416,1
3417,0
3418,1
3419,0
3420,0
3421,1
3422,0
3423,1
3424,0
3425,1
3426,0
3427,1
3428,1
3429,0
3430,0
3431,1
3432,1
3433,0
3434,0
3435,0
3436,1
3437,0
3438,1
3439,0
3440,1
3441,0
3442,1
3443,1
3444,0
3445,0
3446,1
3447,0
3448,0
3449,0
3450,0
3451,1
3452,1
3453,0
3454,1
3455,0
3456,1
3457,0
3458,1
3459,0
3460,0
3461,0
3462,0
3463,0
3464,1
3465,0
3466,1
3467,1
3468,1
3469,1
3470,0
3471,0
3472,1
3473,1
3474,0
3475,0
3476,0
3477,1
3478,0
3479,1
3480,1
3481,0
3482,1
3483,1
3484,1
3485,0
3486,0
3487,1
3488,1
3489,0
3490,1
3491,0
3492,1
3493,0
3494,0
3495,1
3496,0
3497,1
3498,1
3499,0
3500,1
3501,0
3502,0
3503,1
3504,1
3505,1
3506,0
3507,0
3508,1
3509,1
3510,0
3511,0
3512,0
3513,0
3514,1
3515,0
3516,1
3517,0
3518,1
3519,1
3520,0
3521,0
3522,0
3523,0
3524,0
3525,0
3526,1
3527,0
3528,0
3529,1
3530,1
3531,0
3532,0
3533,0
3534,1
3535,0
3536,0
3537,0
3538,0
3539,1
3540,1
3541,0
3542,1
3543,0
3544,1
3545,1
3546,0
3547,1
3548,1
3549,0
3550,0
3551,0
3552,1
3553,0
3554,1
3555,1
3556,1
3557,0
3558,0
3559,0
3560,1
3561,1
3562,0
3563,0
3564,1
3565,0
3566,0
3567,1
3568,1
3569,0
3570,1
3571,1
3572,0
3573,0
3574,1
3575,1
3576,0
3577,1
3578,1
3579,0
3580,1
3581,1
3582,0
3583,0
3584,0
3585,1
3586,0
3587,0
3588,0
3589,0
3590,1
3591,0
3592,1
3593,0
3594,0
3595,0
3596,1
3597,0
3598,0
3599,0
3600,1
3601,0
3602,1
3603,0
3604,0
3605,1
3606,0
3607,0
3608,1
3609,1
3610,0
3611,1
3612,1
3613,1
3614,1
3615,1
3616,0
3617,1
3618,0
3619,1
3620,1
3621,0
3622,0
3623,0
3624,0
3625,1
3626,1
3627,0
3628,0
3629,0
3630,0
3631,0
3632,0
3633,0
3634,0
3635,0
3636,0
3637,1
3638,1
3639,1
3640,0
3641,1
3642,1
3643,0
3644,0
3645,1
3646,1
3647,0
3648,1
3649,1
3650,0
3651,0
3652,1
3653,0
3654,0
3655,1
3656,0
3657,1
3658,0
3659,0
3660,0
3661,1
3662,1
3663,0
3664,1
3665,1
3666,0
3667,1
3668,1
3669,1
3670,0
3671,1
3672,0
3673,0
3674,0
3675,0
3676,0
3677,0
3678,1
3679,0
3680,1
3681,0
3682,0
3683,1
3684,1
3685,0
3686,0
3687,1
3688,0
3689,0
3690,0
3691,1
3692,0
3693,1
3694,1
3695,1
3696,1
3697,1
3698,1
3699,0
3700,0
3701,1
3702,1
3703,0
3704,0
3705,1
3706,0
3707,1
3708,0
3709,0
3710,1
3711,0
3712,0
3713,0
3714,0
3715,1
3716,1
3717,0
3718,1
3719,0
3720,0
3721,0
3722,1
3723,0
3724,0
3725,1
3726,0
3727,0
3728,1
3729,1
3730,1
3731,1
3732,0
3733,1
3734,0
3735,1
3736,1
3737,0
3738,0
3739,0
3740,1
3741,0
3742,0
3743,0
3744,1
3745,1
3746,0
3747,0
3748,0
3749,1
3750,1
3751,1
3752,1
3753,0
3754,0
3755,1
3756,1
3757,1
3758,1
3759,0
3760,0
3761,1
3762,0
3763,1
3764,0
3765,0
3766,1
3767,1
3768,1
3769,0
3770,0
3771,0
3772,1
3773,0
3774,0
3775,1
3776,1
3777,0
3778,1
3779,0
3780,0
3781,0
3782,0
3783,1
3784,0
3785,1
3786,0
3787,0
3788,1
3789,1
3790,1
3791,1
3792,0
3793,1
3794,1
3795,1
3796,1
3797,0
3798,0
3799,0
3800,0
3801,0
3802,0
3803,1
3804,0
3805,0
3806,0
3807,0
3808,1
3809,0
3810,0
3811,1
3812,1
3813,1
3814,1
3815,1
3816,0
3817,0
3818,1
3819,0
3820,0
3821,1
3822,1
3823,1
3824,0
3825,0
3826,1
3827,0
3828,0
3829,0
3830,0
3831,0
3832,0
3833,0
3834,1
3835,0
3836,1
3837,1
3838,0
3839,1
3840,0
3841,1
3842,1
3843,0
3844,0
3845,0
3846,1
3847,0
3848,1
3849,1
3850,0
3851,1
3852,0
3853,1
3854,0
3855,1
3856,0
3857,0
3858,0
3859,1
3860,0
3861,1
3862,0
3863,1
3864,1
3865,0
3866,0
3867,0
3868,1
3869,1
3870,1
3871,1
3872,0
3873,1
3874,0
3875,1
3876,1
3877,0
3878,1
3879,0
3880,0
3881,1
3882,0
3883,1
3884,1
3885,1
3886,1
3887,1
3888,0
3889,0
3890,0
3891,0
3892,0
3893,1
3894,0
3895,1
3896,0
3897,1
3898,1
3899,0
3900,1
3901,1
3902,0
3903,0
3904,1
3905,1
3906,0
3907,1
3908,1
3909,0
3910,0
3911,1
3912,0
3913,1
3914,1
3915,1
3916,1
3917,1
3918,1
3919,1
3920,0
3921,0
3922,0
3923,1
3924,0
3925,1
3926,1
3927,0
3928,0
3929,1
3930,1
3931,0
3932,1
3933,0
3934,0
3935,0
3936,0
3937,0
3938,0
3939,0
3940,1
3941,0
3942,0
3943,1
3944,1
3945,1
3946,1
3947,1
3948,1
3949,0
3950,1
3951,1
3952,1
3953,0
3954,1
3955,1
3956,1
3957,0
3958,1
3959,1
3960,0
3961,1
3962,0
3963,0
3964,0
3965,0
3966,1
3967,1
3968,0
3969,1
3970,1
3971,0
3972,0
3973,1
3974,1
3975,1
3976,0
3977,0
3978,0
3979,1
3980,1
3981,1
3982,1
3983,1
3984,1
3985,0
3986,1
3987,0
3988,0
3989,0
3990,0
3991,1
3992,1
3993,1
3994,1
3995,0
3996,0
3997,0
3998,0
3999,0
4000,0
4001,0
4002,0
4003,1
4004,0
4005,1
4006,1
4007,1
4008,0
4009,0
4010,1
4011,1
4012,1
4013,1
4014,1
4015,0
4016,0
4017,0
4018,1
4019,0
4020,1
4021,0
4022,1
4023,0
4024,1
4025,0
4026,1
4027,0
4028,0
4029,0
4030,1
4031,0
4032,0
4033,1
4034,1
4035,0
4036,0
4037,1
4038,0
4039,1
4040,0
4041,0
4042,0
4043,0
4044,1
4045,1
4046,0
4047,1
4048,1
4049,0
4050,1
4051,1
4052,1
4053,1
4054,0
4055,0
4056,1
4057,0
4058,0
4059,0
4060,1
4061,0
4062,0
4063,1
4064,0
4065,0
4066,0
4067,0
4068,1
4069,1
4070,0
4071,1
4072,1
4073,0
4074,0
4075,1
4076,0
4077,1
4078,0
4079,1
4080,1
4081,0
4082,0
4083,0
4084,1
4085,0
4086,1
4087,0
4088,0
4089,1
4090,0
4091,0
4092,0
4093,1
4094,1
4095,0
4096,1
4097,1
4098,0
4099,0
4100,1
4101,0
4102,1
4103,0
4104,0
4105,0
4106,0
4107,0
4108,0
4109,1
4110,1
4111,0
4112,1
4113,1
4114,1
4115,1
4116,1
4117,0
4118,1
4119,0
4120,1
4121,1
4122,0
4123,1
4124,0
4125,0
4126,1
4127,1
4128,0
4129,1
4130,1
4131,0
4132,1
4133,1
4134,0
4135,0
4136,1
4137,0
4138,0
4139,0
4140,1
4141,0
4142,1
4143,0
4144,1
4145,1
4146,1
4147,1
4148,1
4149,0
4150,0
4151,0
4152,1
4153,1
4154,0
4155,1
4156,0
4157,1
4158,1
4159,0
4160,1
4161,0
4162,1
4163,0
4164,1
4165,0
4166,1
4167,1
4168,0
4169,1
4170,0
4171,1
4172,0
4173,1
4174,0
4175,0
4176,0
4177,1
4178,1
4179,0
4180,0
4181,0
4182,0
4183,0
4184,0
4185,1
4186,1
4187,0
4188,0
4189,0
4190,0
4191,0
4192,1
4193,0
4194,1
4195,1
4196,0
4197,0
4198,1
4199,1
4200,1
4201,1
4202,1
4203,0
4204,1
4205,0
4206,1
4207,1
4208,0
4209,0
4210,0
4211,0
4212,1
4213,0
4214,1
4215,1
4216,1
4217,1
4218,1
4219,1
4220,1
4221,1
4222,1
4223,0
4224,0
4225,1
4226,0
4227,0
4228,1
4229,1
4230,0
4231,1
4232,1
4233,0
4234,1
4235,0
4236,1
4237,1
4238,0
4239,0
4240,0
4241,0
4242,1
4243,1
4244,0
4245,1
4246,1
4247,1
4248,0
4249,0
4250,1
4251,1
4252,1
4253,1
4254,0
4255,0
4256,1
4257,0
4258,1
4259,1
4260,1
4261,0
4262,0
4263,1
4264,1
4265,1
4266,0
4267,1
4268,1
4269,0
4270,1
4271,1
4272,1
4273,0
4274,1
4275,1
4276,0
4277,0
4278,1
4279,1
4280,1
4281,0
4282,0
4283,0
4284,0
4285,0
4286,1
4287,0
4288,1
4289,1
4290,0
4291,1
4292,1
4293,0
4294,0
4295,1
4296,1
4297,1
4298,1
4299,1
4300,0
4301,0
4302,0
4303,1
4304,0
4305,1
4306,1
4307,1
4308,0
4309,0
4310,0
4311,1
4312,1
4313,1
4314,0
4315,1
4316,1
4317,1
4318,1
4319,1
4320,0
4321,0
4322,1
4323,0
4324,1
4325,0
4326,0
4327,0
4328,1
4329,1
4330,1
4331,1
4332,1
4333,1
4334,0
4335,0
4336,0
4337,0
4338,1
4339,1
4340,0
4341,0
4342,1
4343,0
4344,1
4345,1
4346,1
4347,0
4348,0
4349,1
4350,1
4351,1
4352,1
4353,0
4354,0
4355,1
4356,0
4357,1
4358,0
4359,0
4360,1
4361,1
4362,0
4363,1
4364,0
4365,0
4366,1
4367,0
4368,0
4369,1
4370,0
4371,1
4372,0
4373,1
4374,0
4375,1
4376,1
4377,0
4378,0
4379,0
4380,0
4381,1
4382,1
4383,0
4384,0
4385,0
4386,0
4387,1
4388,1
4389,1
4390,0
4391,0
4392,0
4393,1
4394,1
4395,1
4396,1
4397,1
4398,1
4399,0
4400,1
4401,0
4402,0
4403,0
4404,0
4405,0
4406,1
4407,1
4408,1
4409,1
4410,1
4411,0
4412,0
4413,1
4414,0
4415,1
4416,1
4417,0
4418,1
4419,1
4420,0
4421,1
4422,1
4423,1
4424,0
4425,1
4426,0
4427,1
4428,1
4429,1
4430,1
4431,0
4432,0
4433,1
4434,0
4435,1
4436,0
4437,0
4438,1
4439,0
4440,1
4441,1
4442,1
4443,0
4444,1
4445,0
4446,0
4447,0
4448,1
4449,0
4450,0
4451,0
4452,1
4453,1
4454,1
4455,0
4456,1
4457,0
4458,0
4459,1
4460,1
4461,1
4462,1
4463,1
4464,1
4465,0
4466,1
4467,0
4468,0
4469,1
4470,1
4471,1
4472,1
4473,1
4474,1
4475,1
4476,1
4477,1
4478,1
4479,0
4480,1
4481,1
4482,0
4483,1
4484,1
4485,1
4486,0
4487,0
4488,0
4489,0
4490,0
4491,0
4492,0
4493,1
4494,1
4495,1
4496,1
4497,0
4498,1
4499,0
4500,1
4501,0
4502,1
4503,1
4504,0
4505,0
4506,1
4507,0
4508,0
4509,1
4510,1
4511,0
4512,0
4513,1
4514,0
4515,0
4516,0
4517,0
4518,0
4519,0
4520,0
4521,1
4522,1
4523,1
4524,0
4525,1
4526,0
4527,0
4528,1
4529,0
4530,1
4531,1
4532,1
4533,1
4534,0
4535,1
4536,0
4537,0
4538,0
4539,0
4540,1
4541,0
4542,0
4543,1
4544,1
4545,0
4546,0
4547,0
4548,0
4549,1
4550,0
4551,0
4552,0
4553,1
4554,1
4555,1
4556,0
4557,1
4558,1
4559,1
4560,1
4561,0
4562,1
4563,1
4564,1
4565,1
4566,0
4567,0
4568,1
4569,1
4570,0
4571,0
4572,1
4573,0
4574,0
4575,1
4576,0
4577,0
4578,0
4579,0
4580,1
4581,1
4582,1
4583,1
4584,1
4585,1
4586,1
4587,1
4588,1
4589,1
4590,1
4591,1
4592,0
4593,1
4594,1
4595,0
4596,0
4597,0
4598,0
4599,1
4600,1
4601,1
4602,1
4603,0
4604,1
4605,0
4606,0
4607,1
4608,1
4609,1
4610,1
4611,0
4612,1
4613,0
4614,0
4615,1
4616,0
4617,1
4618,1
4619,0
4620,0
4621,0
4622,0
4623,1
4624,0
4625,0
4626,0
4627,1
4628,0
4629,0
4630,0
4631,1
4632,1
4633,0
4634,1
4635,1
4636,0
4637,1
4638,1
4639,1
4640,0
4641,1
4642,1
4643,0
4644,1
4645,1
4646,1
4647,1
4648,1
4649,0
4650,1
4651,1
4652,1
4653,1
4654,0
4655,0
4656,1
4657,1
4658,0
4659,0
4660,1
4661,0
4662,1
4663,1
4664,0
4665,1
4666,0
4667,1
4668,0
4669,0
4670,0
4671,1
4672,1
4673,0
4674,1
4675,1
4676,1
4677,0
4678,1
4679,0
4680,1
4681,1
4682,0
4683,1
4684,1
4685,1
4686,0
4687,0
4688,0
4689,0
4690,0
4691,1
4692,0
4693,1
4694,0
4695,0
4696,0
4697,1
4698,0
4699,0
4700,0
4701,0
4702,0
4703,1
4704,1
4705,0
4706,0
4707,1
4708,1
4709,0
4710,1
4711,0
4712,0
4713,1
4714,0
4715,0
4716,0
4717,1
4718,0
4719,1
4720,1
4721,0
4722,0
4723,0
4724,0
4725,1
4726,0
4727,0
4728,1
4729,0
4730,0
4731,1
4732,1
4733,1
4734,0
4735,0
4736,1
4737,0
4738,1
4739,1
4740,1
4741,0
4742,1
4743,0
4744,0
4745,0
4746,0
4747,0
4748,0
4749,1
4750,0
4751,1
4752,1
4753,0
4754,0
4755,1
4756,0
4757,0
4758,1
4759,0
4760,1
4761,1
4762,0
4763,0
4764,0
4765,1
4766,0
4767,1
4768,1
4769,1
4770,0
4771,1
4772,1
4773,1
4774,0
4775,0
4776,1
4777,1
4778,1
4779,1
4780,1
4781,1
4782,1
4783,0
4784,1
4785,1
4786,1
4787,0
4788,1
4789,1
4790,0
4791,0
4792,0
4793,0
4794,1
4795,1
4796,0
4797,1
4798,1
4799,1
4800,1
4801,0
4802,1
4803,1
4804,0
4805,0
4806,0
4807,1
4808,0
4809,1
4810,1
4811,1
4812,0
4813,0
4814,0
4815,1
4816,0
4817,0
4818,1
4819,0
4820,1
4821,0
4822,0
4823,0
4824,1
4825,1
4826,1
4827,1
4828,0
4829,0
4830,0
4831,0
4832,0
4833,1
4834,0
4835,0
4836,0
4837,1
4838,0
4839,0
4840,0
4841,0
4842,0
4843,1
4844,1
4845,0
4846,0
4847,1
4848,1
4849,0
4850,1
4851,1
4852,1
4853,1
4854,0
4855,1
4856,1
4857,1
4858,1
4859,1
4860,1
4861,1
4862,0
4863,1
4864,0
4865,1
4866,0
4867,0
4868,1
4869,1
4870,1
4871,0
4872,0
4873,0
4874,1
4875,1
4876,1
4877,1
4878,1
4879,0
4880,1
4881,1
4882,0
4883,0
4884,1
4885,1
4886,0
4887,1
4888,1
4889,0
4890,1
4891,1
4892,1
4893,0
4894,1
4895,0
4896,0
4897,0
4898,0
4899,1
4900,1
4901,0
4902,0
4903,0
4904,0
4905,0
4906,1
4907,0
4908,1
4909,0
4910,1
4911,0
4912,0
4913,0
4914,1
4915,0
4916,1
4917,1
4918,0
4919,0
4920,1
4921,0
4922,0
4923,1
4924,0
4925,1
4926,1
4927,0
4928,1
4929,1
4930,0
4931,0
4932,0
4933,1
4934,0
4935,1
4936,0
4937,1
4938,0
4939,0
4940,1
4941,1
4942,0
4943,1
4944,0
4945,0
4946,1
4947,1
4948,0
4949,0
4950,0
4951,1
4952,1
4953,0
4954,1
4955,1
4956,1
4957,0
4958,0
4959,0
4960,1
4961,0
4962,0
4963,1
4964,1
4965,0
4966,1
4967,1
4968,0
4969,0
4970,0
4971,0
4972,1
4973,0
4974,1
4975,1
4976,0
4977,0
4978,1
4979,0
4980,1
4981,0
4982,1
4983,1
4984,0
4985,0
4986,1
4987,0
4988,0
4989,1
4990,0
4991,1
4992,0
4993,1
4994,1
4995,0
4996,0
4997,0
4998,0
4999,0
5000,0
5001,1
5002,1
5003,0
5004,1
5005,1
5006,1
5007,0
5008,1
5009,1
5010,0
5011,0
5012,1
5013,0
5014,0
5015,1
5016,0
5017,0
5018,1
5019,0
5020,1
5021,0
5022,1
5023,0
5024,0
5025,0
5026,1
5027,0
5028,0
5029,1
5030,0
5031,0
5032,1
5033,1
5034,0
5035,1
5036,0
5037,0
5038,1
5039,0
5040,0
5041,0
5042,0
5043,0
5044,0
5045,0
5046,1
5047,1
5048,1
5049,1
5050,0
5051,0
5052,1
5053,1
5054,0
5055,1
5056,0
5057,0
5058,0
5059,0
5060,0
5061,1
5062,1
5063,1
5064,1
5065,1
5066,1
5067,0
5068,1
5069,0
5070,0
5071,0
5072,1
5073,0
5074,0
5075,1
5076,1
5077,0
5078,0
5079,1
5080,0
5081,1
5082,0
5083,0
5084,0
5085,1
5086,0
5087,1
5088,0
5089,1
5090,0
5091,0
5092,1
5093,0
5094,1
5095,0
5096,0
5097,0
5098,1
5099,0
5100,1
5101,1
5102,0
5103,1
5104,1
5105,1
5106,0
5107,0
5108,0
5109,0
5110,0
5111,1
5112,1
5113,1
5114,1
5115,1
5116,0
5117,0
5118,0
5119,0
5120,0
5121,0
5122,0
5123,0
5124,1
5125,1
5126,0
5127,0
5128,0
5129,1
5130,1
5131,1
5132,0
5133,0
5134,1
5135,1
5136,1
5137,1
5138,1
5139,0
5140,1
5141,1
5142,0
5143,1
5144,0
5145,1
5146,1
5147,0
5148,0
5149,1
5150,0
5151,0
5152,0
5153,0
5154,0
5155,1
5156,1
5157,0
5158,0
5159,0
5160,0
5161,1
5162,1
5163,1
5164,0
5165,1
5166,0
5167,0
5168,0
5169,0
5170,0
5171,1
5172,0
5173,0
5174,0
5175,0
5176,0
5177,1
5178,0
5179,1
5180,1
5181,1
5182,0
5183,1
5184,1
5185,0
5186,1
5187,1
5188,0
5189,1
5190,0
5191,0
5192,1
5193,1
5194,1
5195,0
5196,1
5197,1
5198,1
5199,0
5200,0
5201,0
5202,1
5203,0
5204,0
5205,0
5206,1
5207,0
5208,1
5209,0
5210,0
5211,0
5212,1
5213,0
5214,1
5215,1
5216,0
5217,1
5218,1
5219,1
5220,0
5221,0
5222,0
5223,0
5224,0
5225,0
5226,1
5227,0
5228,0
5229,1
5230,1
5231,0
5232,0
5233,0
5234,0
5235,1
5236,0
5237,0
5238,1
5239,0
5240,1
5241,1
5242,0
5243,0
5244,0
5245,1
5246,1
5247,0
5248,0
5249,1
5250,0
5251,0
5252,1
5253,1
5254,0
5255,0
5256,1
5257,1
5258,1
5259,1
5260,1
5261,0
5262,0
5263,0
5264,0
5265,1
5266,1
5267,1
5268,1
5269,1
5270,0
5271,0
5272,0
5273,1
5274,0
5275,0
5276,1
5277,0
5278,0
5279,0
5280,0
5281,0
5282,0
5283,1
5284,0
5285,1
5286,1
5287,1
5288,1
5289,0
5290,1
5291,0
5292,0
5293,1
5294,0
5295,0
5296,1
5297,1
5298,0
5299,1
5300,0
5301,0
5302,0
5303,1
5304,1
5305,0
5306,0
5307,0
5308,0
5309,0
5310,1
5311,1
5312,0
5313,1
5314,1
5315,1
5316,0
5317,0
5318,1
5319,1
5320,1
5321,0
5322,0
5323,0
5324,1
5325,1
5326,1
5327,1
5328,0
5329,1
5330,1
5331,0
5332,1
5333,1
5334,1
5335,0
5336,0
5337,0
5338,0
5339,0
5340,1
5341,1
5342,1
5343,1
5344,0
5345,1
5346,1
5347,0
5348,1
5349,1
5350,0
5351,0
5352,0
5353,0
5354,1
5355,1
5356,1
5357,0
5358,1
5359,1
5360,0
5361,0
5362,1
5363,0
5364,0
5365,1
5366,0
5367,0
5368,1
5369,1
5370,1
5371,1
5372,1
5373,0
5374,0
5375,0
5376,1
5377,1
5378,0
5379,0
5380,0
5381,1
5382,0
5383,1
5384,0
5385,0
5386,0
5387,0
5388,1
5389,0
5390,1
5391,0
5392,1
5393,1
5394,1
5395,1
5396,1
5397,0
5398,0
5399,0
5400,0
5401,1
5402,0
5403,0
5404,1
5405,0
5406,1
5407,0
5408,1
5409,1
5410,1
5411,1
5412,1
5413,1
5414,1
5415,1
5416,1
5417,1
5418,1
5419,0
5420,1
5421,1
5422,1
5423,1
5424,1
5425,1
5426,1
5427,0
5428,1
5429,0
5430,0
5431,1
5432,1
5433,0
5434,0
5435,1
5436,0
5437,0
5438,0
5439,0
5440,1
5441,1
5442,1
5443,1
5444,1
5445,1
5446,1
5447,1
5448,1
5449,0
5450,1
5451,1
5452,1
5453,1
5454,1
5455,0
5456,1
5457,1
5458,0
5459,1
5460,0
5461,0
5462,0
5463,1
5464,0
5465,0
5466,1
5467,0
5468,1
5469,0
5470,1
5471,1
5472,0
5473,1
5474,1
5475,0
5476,1
5477,0
5478,1
5479,1
5480,1
5481,1
5482,1
5483,1
5484,0
5485,1
5486,0
5487,0
5488,1
5489,1
5490,1
5491,0
5492,0
5493,1
5494,0
5495,1
5496,1
5497,0
5498,0
5499,0
5500,1
5501,1
5502,1
5503,1
5504,1
5505,0
5506,1
5507,1
5508,1
5509,0
5510,1
5511,1
5512,0
5513,1
5514,0
5515,1
5516,0
5517,0
5518,1
5519,1
5520,1
5521,1
5522,1
5523,0
5524,1
5525,1
5526,0
5527,1
5528,0
5529,0
5530,1
5531,1
5532,0
5533,0
5534,1
5535,1
5536,0
5537,1
5538,0
5539,1
5540,1
5541,1
5542,0
5543,1
5544,1
5545,0
5546,1
5547,1
5548,0
5549,0
5550,1
5551,1
5552,1
5553,0
5554,1
5555,0
5556,1
5557,1
5558,0
5559,1
5560,0
5561,0
5562,1
5563,0
5564,0
5565,1
5566,0
5567,1
5568,0
5569,0
5570,0
5571,1
5572,0
5573,1
5574,0
5575,1
5576,0
5577,1
5578,1
5579,0
5580,1
5581,1
5582,0
5583,0
5584,0
5585,1
5586,1
5587,0
5588,1
5589,1
5590,0
5591,1
5592,0
5593,0
5594,0
5595,1
5596,0
5597,1
5598,1
5599,0
5600,0
5601,1
5602,0
5603,1
5604,1
5605,0
5606,0
5607,1
5608,0
5609,0
5610,1
5611,0
5612,1
5613,0
5614,1
5615,1
5616,0
5617,0
5618,0
5619,1
5620,0
5621,1
5622,0
5623,1
5624,1
5625,1
5626,1
5627,0
5628,0
5629,1
5630,1
5631,0
5632,1
5633,1
5634,1
5635,1
5636,1
5637,1
5638,1
5639,0
5640,0
5641,0
5642,1
5643,1
5644,0
5645,0
5646,1
5647,0
5648,1
5649,1
5650,1
5651,1
5652,1
5653,0
5654,0
5655,1
5656,1
5657,1
5658,0
5659,0
5660,0
5661,0
5662,0
5663,1
5664,1
5665,0
5666,0
5667,0
5668,1
5669,1
5670,1
5671,0
5672,1
5673,1
5674,0
5675,1
5676,0
5677,1
5678,0
5679,0
5680,0
5681,0
5682,0
5683,0
5684,0
5685,0
5686,0
5687,1
5688,1
5689,0
5690,0
5691,0
5692,0
5693,0
5694,0
5695,0
5696,0
5697,0
5698,0
5699,0
5700,0
5701,0
5702,1
5703,1
5704,0
5705,1
5706,0
5707,0
5708,0
5709,1
5710,0
5711,0
5712,1
5713,0
5714,0
5715,0
5716,1
5717,1
5718,0
5719,1
5720,0
5721,0
5722,0
5723,0
5724,1
5725,0
5726,1
5727,1
5728,1
5729,1
5730,1
5731,1
5732,0
5733,0
5734,1
5735,0
5736,0
5737,1
5738,0
5739,0
5740,0
5741,1
5742,1
5743,1
5744,1
5745,0
5746,0
5747,0
5748,1
5749,0
5750,0
5751,1
5752,0
5753,0
5754,0
5755,0
5756,1
5757,1
5758,0
5759,0
5760,0
5761,1
5762,1
5763,0
5764,0
5765,0
5766,1
5767,1
5768,1
5769,1
5770,1
5771,0
5772,0
5773,1
5774,0
5775,1
5776,1
5777,0
5778,1
5779,1
5780,1
5781,1
5782,1
5783,0
5784,1
5785,0
5786,0
5787,0
5788,1
5789,1
5790,0
5791,1
5792,0
5793,0
5794,0
5795,0
5796,1
5797,1
5798,0
5799,1
5800,0
5801,0
5802,0
5803,1
5804,1
5805,1
5806,1
5807,0
5808,0
5809,1
5810,0
5811,0
5812,0
5813,0
5814,0
5815,0
5816,1
5817,0
5818,1
5819,1
5820,0
5821,1
5822,0
5823,0
5824,0
5825,0
5826,1
5827,0
5828,1
5829,1
5830,1
5831,1
5832,1
5833,1
5834,0
5835,0
5836,0
5837,1
5838,0
5839,0
5840,0
5841,1
5842,0
5843,1
5844,0
5845,0
5846,1
5847,0
5848,0
5849,1
5850,1
5851,0
5852,0
5853,0
5854,1
5855,1
5856,0
5857,1
5858,1
5859,1
5860,1
5861,0
5862,1
5863,0
5864,1
5865,0
5866,1
5867,1
5868,1
5869,1
5870,0
5871,1
5872,1
5873,1
5874,1
5875,1
5876,0
5877,0
5878,1
5879,1
5880,0
5881,1
5882,1
5883,0
5884,1
5885,1
5886,1
5887,0
5888,1
5889,0
5890,0
5891,1
5892,1
5893,0
5894,0
5895,1
5896,0
5897,1
5898,0
5899,0
5900,0
5901,1
5902,1
5903,1
5904,0
5905,1
5906,1
5907,1
5908,0
5909,0
5910,1
5911,1
5912,0
5913,1
5914,0
5915,1
5916,1
5917,0
5918,0
5919,0
5920,0
5921,1
5922,1
5923,0
5924,1
5925,0
5926,0
5927,0
5928,1
5929,1
5930,1
5931,0
5932,0
5933,1
5934,0
5935,0
5936,0
5937,0
5938,0
5939,0
5940,0
5941,1
5942,0
5943,0
5944,0
5945,1
5946,0
5947,0
5948,0
5949,0
5950,1
5951,1
5952,1
5953,0
5954,0
5955,0
5956,1
5957,1
5958,1
5959,0
5960,0
5961,0
5962,1
5963,0
5964,0
5965,0
5966,1
5967,1
5968,0
5969,1
5970,0
5971,1
5972,0
5973,1
5974,0
5975,1
5976,0
5977,1
5978,1
5979,0
5980,1
5981,0
5982,0
5983,1
5984,1
5985,1
5986,0
5987,0
5988,0
5989,0
5990,0
5991,0
5992,0
5993,0
5994,0
5995,0
5996,0
5997,0
5998,0
5999,0
6000,1
6001,1
6002,0
6003,1
6004,0
6005,1
6006,1
6007,1
6008,0
6009,1
6010,0
6011,1
6012,1
6013,1
6014,1
6015,1
6016,1
6017,1
6018,1
6019,0
6020,1
6021,1
6022,0
6023,1
6024,1
6025,1
6026,0
6027,1
6028,0
6029,1
6030,0
6031,0
6032,1
6033,0
6034,0
6035,0
6036,1
6037,0
6038,1
6039,1
6040,0
6041,1
6042,0
6043,1
6044,0
6045,0
6046,1
6047,0
6048,1
6049,1
6050,0
6051,0
6052,1
6053,1
6054,1
6055,0
6056,1
6057,1
6058,0
6059,0
6060,0
6061,1
6062,0
6063,0
6064,1
6065,0
6066,0
6067,0
6068,0
6069,1
6070,0
6071,1
6072,1
6073,0
6074,1
6075,0
6076,1
6077,0
6078,0
6079,0
6080,0
6081,1
6082,0
6083,0
6084,1
6085,1
6086,1
6087,1
6088,0
6089,0
6090,1
6091,1
6092,1
6093,1
6094,1
6095,1
6096,0
6097,1
6098,1
6099,1
6100,0
6101,1
6102,1
6103,1
6104,0
6105,1
6106,0
6107,1
6108,1
6109,0
6110,1
6111,0
6112,1
6113,1
6114,0
6115,0
6116,0
6117,0
6118,1
6119,1
6120,1
6121,0
6122,1
6123,1
6124,1
6125,0
6126,1
6127,0
6128,1
6129,0
6130,0
6131,1
6132,0
6133,1
6134,1
6135,0
6136,0
6137,1
6138,1
6139,1
6140,0
6141,0
6142,1
6143,0
6144,1
6145,0
6146,0
6147,1
6148,0
6149,0
6150,0
6151,0
6152,0
6153,0
6154,0
6155,1
6156,0
6157,1
6158,0
6159,1
6160,1
6161,1
6162,1
6163,1
6164,0
6165,1
6166,1
6167,1
6168,0
6169,0
6170,0
6171,1
6172,0
6173,0
6174,1
6175,0
6176,1
6177,0
6178,1
6179,0
6180,0
6181,1
6182,0
6183,0
6184,0
6185,1
6186,1
6187,1
6188,1
6189,0
6190,1
6191,1
6192,1
6193,1
6194,0
6195,0
6196,0
6197,1
6198,1
6199,1
6200,1
6201,1
6202,0
6203,1
6204,0
6205,1
6206,0
6207,0
6208,0
6209,1
6210,0
6211,1
6212,0
6213,0
6214,1
6215,0
6216,1
6217,0
6218,1
6219,0
6220,1
6221,0
6222,0
6223,1
6224,1
6225,1
6226,1
6227,0
6228,1
6229,0
6230,1
6231,0
6232,1
6233,1
6234,0
6235,0
6236,1
6237,0
6238,1
6239,1
6240,1
6241,1
6242,0
6243,1
6244,1
6245,1
6246,0
6247,1
6248,1
6249,0
6250,1
6251,1
6252,0
6253,1
6254,1
6255,0
6256,1
6257,0
6258,0
6259,1
6260,1
6261,1
6262,0
6263,1
6264,1
6265,1
6266,0
6267,1
6268,1
6269,1
6270,1
6271,0
6272,0
6273,0
6274,0
6275,1
6276,1
6277,0
6278,1
6279,0
6280,1
6281,0
6282,0
6283,1
6284,0
6285,0
6286,0
6287,1
6288,0
6289,0
6290,0
6291,0
6292,1
6293,0
6294,1
6295,1
6296,1
6297,0
6298,0
6299,0
6300,1
6301,0
6302,1
6303,1
6304,1
6305,0
6306,1
6307,1
6308,0
6309,0
6310,1
6311,1
6312,0
6313,1
6314,1
6315,0
6316,1
6317,0
6318,1
6319,0
6320,1
6321,0
6322,0
6323,1
6324,0
6325,1
6326,1
6327,0
6328,0
6329,0
6330,1
6331,0
6332,0
6333,1
6334,1
6335,0
6336,1
6337,0
6338,0
6339,0
6340,1
6341,1
6342,1
6343,1
6344,1
6345,0
6346,1
6347,1
6348,1
6349,0
6350,0
6351,1
6352,0
6353,1
6354,1
6355,1
6356,1
6357,0
6358,0
6359,0
6360,1
6361,1
6362,1
6363,0
6364,1
6365,1
6366,0
6367,0
6368,1
6369,1
6370,0
6371,1
6372,1
6373,1
6374,1
6375,0
6376,0
6377,1
6378,1
6379,1
6380,1
6381,0
6382,0
6383,1
6384,1
6385,1
6386,1
6387,0
6388,1
6389,0
6390,0
6391,0
6392,1
6393,1
6394,1
6395,1
6396,0
6397,1
6398,1
6399,0
6400,0
6401,0
6402,1
6403,1
6404,1
6405,1
6406,0
6407,0
6408,0
6409,1
6410,0
6411,1
6412,0
6413,0
6414,1
6415,1
6416,0
6417,0
6418,1
6419,1
6420,0
6421,1
6422,1
6423,0
6424,0
6425,1
6426,0
6427,1
6428,0
6429,0
6430,0
6431,1
6432,1
6433,0
6434,1
6435,0
6436,1
6437,0
6438,1
6439,0
6440,1
6441,1
6442,1
6443,0
6444,0
6445,0
6446,0
6447,1
6448,0
6449,1
6450,0
6451,1
6452,1
6453,0
6454,1
6455,1
6456,0
6457,0
6458,0
6459,1
6460,1
6461,0
6462,1
6463,1
6464,0
6465,0
6466,1
6467,0
6468,0
6469,0
6470,1
6471,1
6472,0
6473,0
6474,0
6475,0
6476,1
6477,0
6478,0
6479,0
6480,0
6481,0
6482,0
6483,0
6484,0
6485,1
6486,1
6487,1
6488,1
6489,0
6490,0
6491,0
6492,1
6493,0
6494,1
6495,1
6496,0
6497,0
6498,1
6499,0
6500,1
6501,1
6502,0
6503,0
6504,0
6505,1
6506,0
6507,0
6508,1
6509,1
6510,0
6511,1
6512,0
6513,0
6514,0
6515,0
6516,0
6517,1
6518,1
6519,0
6520,1
6521,1
6522,1
6523,0
6524,0
6525,1
6526,0
6527,0
6528,1
6529,1
6530,0
6531,1
6532,0
6533,0
6534,0
6535,0
6536,1
6537,1
6538,0
6539,1
6540,0
6541,1
6542,0
6543,1
6544,0
6545,1
6546,0
6547,1
6548,1
6549,0
6550,1
6551,1
6552,0
6553,0
6554,0
6555,0
6556,0
6557,0
6558,0
6559,0
6560,1
6561,1
6562,0
6563,1
6564,1
6565,1
6566,0
6567,0
6568,1
6569,1
6570,0
6571,0
6572,1
6573,1
6574,0
6575,0
6576,0
6577,1
6578,0
6579,0
6580,1
6581,0
6582,1
6583,0
6584,0
6585,0
6586,1
6587,0
6588,0
6589,1
6590,1
6591,1
6592,0
6593,0
6594,0
6595,0
6596,0
6597,1
6598,1
6599,0
6600,1
6601,0
6602,1
6603,1
6604,1
6605,0
6606,1
6607,1
6608,0
6609,0
6610,1
6611,0
6612,1
6613,1
6614,0
6615,1
6616,1
6617,1
6618,0
6619,1
6620,0
6621,1
6622,1
6623,1
6624,0
6625,0
6626,0
6627,1
6628,0
6629,1
6630,0
6631,1
6632,1
6633,0
6634,1
6635,0
6636,1
6637,0
6638,0
6639,1
6640,1
6641,1
6642,1
6643,1
6644,1
6645,0
6646,1
6647,1
6648,1
6649,0
6650,1
6651,0
6652,0
6653,0
6654,1
6655,1
6656,1
6657,1
6658,1
6659,0
6660,1
6661,0
6662,0
6663,1
6664,1
6665,1
6666,0
6667,0
6668,0
6669,1
6670,1
6671,1
6672,1
6673,0
6674,0
6675,0
6676,0
6677,1
6678,1
6679,0
6680,1
6681,0
6682,1
6683,0
6684,0
6685,0
6686,1
6687,1
6688,1
6689,0
6690,0
6691,1
6692,1
6693,1
6694,0
6695,1
6696,0
6697,1
6698,0
6699,0
6700,1
6701,1
6702,0
6703,0
6704,0
6705,1
6706,1
6707,0
6708,0
6709,1
6710,0
6711,1
6712,0
6713,1
6714,0
6715,1
6716,1
6717,0
6718,0
6719,0
6720,1
6721,0
6722,1
6723,1
6724,0
6725,0
6726,0
6727,0
6728,1
6729,1
6730,0
6731,0
6732,0
6733,0
6734,1
6735,1
6736,1
6737,0
6738,1
6739,0
6740,0
6741,0
6742,0
6743,1
6744,0
6745,0
6746,1
6747,1
6748,0
6749,1
6750,0
6751,1
6752,1
6753,0
6754,1
6755,1
6756,1
6757,1
6758,1
6759,0
6760,1
6761,1
6762,1
6763,0
6764,1
6765,1
6766,1
6767,1
6768,0
6769,1
6770,0
6771,0
6772,0
6773,0
6774,1
6775,0
6776,1
6777,0
6778,0
6779,0
6780,1
6781,0
6782,0
6783,1
6784,1
6785,1
6786,1
6787,0
6788,0
6789,0
6790,0
6791,1
6792,0
6793,1
6794,0
6795,0
6796,0
6797,1
6798,1
6799,0
6800,0
6801,1
6802,0
6803,0
6804,0
6805,1
6806,0
6807,0
6808,0
6809,0
6810,1
6811,0
6812,0
6813,0
6814,1
6815,0
6816,1
6817,1
6818,1
6819,0
6820,0
6821,1
6822,1
6823,1
6824,1
6825,1
6826,0
6827,0
6828,0
6829,0
6830,0
6831,0
6832,0
6833,1
6834,1
6835,1
6836,0
6837,1
6838,0
6839,1
6840,1
6841,1
6842,1
6843,1
6844,1
6845,1
6846,1
6847,1
6848,0
6849,0
6850,0
6851,1
6852,1
6853,1
6854,0
6855,0
6856,0
6857,1
6858,1
6859,1
6860,1
6861,1
6862,0
6863,0
6864,0
6865,1
6866,1
6867,1
6868,1
6869,0
6870,1
6871,1
6872,1
6873,0
6874,0
6875,1
6876,0
6877,1
6878,1
6879,1
6880,1
6881,0
6882,1
6883,0
6884,0
6885,1
6886,0
6887,0
6888,0
6889,0
6890,1
6891,0
6892,1
6893,0
6894,0
6895,1
6896,1
6897,0
6898,1
6899,1
6900,0
6901,1
6902,1
6903,1
6904,1
6905,1
6906,1
6907,0
6908,0
6909,1
6910,0
6911,1
6912,1
6913,1
6914,1
6915,1
6916,1
6917,1
6918,0
6919,1
6920,1
6921,1
6922,1
6923,0
6924,0
6925,1
6926,0
6927,0
6928,1
6929,0
6930,0
6931,0
6932,1
6933,1
6934,0
6935,0
6936,1
6937,0
6938,0
6939,0
6940,0
6941,1
6942,0
6943,1
6944,1
6945,0
6946,1
6947,1
6948,0
6949,0
6950,0
6951,1
6952,1
6953,1
6954,1
6955,0
6956,1
6957,0
6958,1
6959,0
6960,1
6961,0
6962,1
6963,0
6964,0
6965,0
6966,0
6967,1
6968,0
6969,1
6970,0
6971,1
6972,0
6973,1
6974,1
6975,0
6976,1
